time,temperature_2m,relativehumidity_2m,precipitation
2023-01-01 00:00:00,3.9,95,0.5
2023-01-01 01:00:00,3.5,98,0.0
2023-01-01 02:00:00,2.8,98,0.0
2023-01-01 03:00:00,2.6,98,0.0
2023-01-01 04:00:00,4.7,97,0.0
2023-01-01 05:00:00,5.0,97,0.1
2023-01-01 06:00:00,5.0,97,0.0
2023-01-01 07:00:00,5.0,97,0.0
2023-01-01 08:00:00,4.2,97,0.0
2023-01-01 09:00:00,5.4,94,0.0
2023-01-01 10:00:00,5.9,94,0.0
2023-01-01 11:00:00,6.3,92,0.0
2023-01-01 12:00:00,6.9,90,0.0
2023-01-01 13:00:00,7.2,86,0.0
2023-01-01 14:00:00,7.3,84,0.0
2023-01-01 15:00:00,7.1,82,0.0
2023-01-01 16:00:00,5.7,91,0.0
2023-01-01 17:00:00,6.4,86,0.0
2023-01-01 18:00:00,4.3,91,0.0
2023-01-01 19:00:00,5.8,86,0.0
2023-01-01 20:00:00,2.7,94,0.0
2023-01-01 21:00:00,1.8,97,0.0
2023-01-01 22:00:00,1.6,98,0.0
2023-01-01 23:00:00,1.5,96,0.0
2023-01-02 00:00:00,1.2,92,0.0
2023-01-02 01:00:00,0.5,90,0.0
2023-01-02 02:00:00,0.1,90,0.0
2023-01-02 03:00:00,0.4,84,0.0
2023-01-02 04:00:00,0.8,85,0.0
2023-01-02 05:00:00,0.4,89,0.0
2023-01-02 06:00:00,0.2,85,0.0
2023-01-02 07:00:00,2.2,72,0.0
2023-01-02 08:00:00,2.5,69,0.0
2023-01-02 09:00:00,2.8,69,0.0
2023-01-02 10:00:00,4.3,66,0.0
2023-01-02 11:00:00,5.4,60,0.0
2023-01-02 12:00:00,6.2,61,0.0
2023-01-02 13:00:00,6.7,61,0.0
2023-01-02 14:00:00,6.7,59,0.0
2023-01-02 15:00:00,6.3,63,0.0
2023-01-02 16:00:00,5.9,58,0.0
2023-01-02 17:00:00,4.5,55,0.0
2023-01-02 18:00:00,3.0,61,0.0
2023-01-02 19:00:00,1.8,66,0.0
2023-01-02 20:00:00,1.4,68,0.0
2023-01-02 21:00:00,2.1,65,0.0
2023-01-02 22:00:00,2.8,61,0.0
2023-01-02 23:00:00,3.5,59,0.0
2023-01-03 00:00:00,3.6,63,0.0
2023-01-03 01:00:00,3.7,65,0.0
2023-01-03 02:00:00,3.2,76,0.1
2023-01-03 03:00:00,3.5,72,0.1
2023-01-03 04:00:00,2.7,79,0.1
2023-01-03 05:00:00,2.9,79,0.0
2023-01-03 06:00:00,3.2,76,0.0
2023-01-03 07:00:00,3.9,76,0.0
2023-01-03 08:00:00,4.1,78,0.0
2023-01-03 09:00:00,4.3,80,0.0
2023-01-03 10:00:00,5.0,79,0.0
2023-01-03 11:00:00,5.5,77,0.0
2023-01-03 12:00:00,6.3,76,0.0
2023-01-03 13:00:00,7.3,70,0.0
2023-01-03 14:00:00,7.8,67,0.0
2023-01-03 15:00:00,7.7,73,0.0
2023-01-03 16:00:00,5.9,87,0.0
2023-01-03 17:00:00,3.7,89,0.0
2023-01-03 18:00:00,4.8,82,0.0
2023-01-03 19:00:00,2.9,73,0.0
2023-01-03 20:00:00,1.7,74,0.0
2023-01-03 21:00:00,0.9,76,0.0
2023-01-03 22:00:00,1.6,74,0.0
2023-01-03 23:00:00,3.7,67,0.0
2023-01-04 00:00:00,3.1,69,0.0
2023-01-04 01:00:00,3.7,69,0.3
2023-01-04 02:00:00,3.9,68,0.0
2023-01-04 03:00:00,4.2,66,0.0
2023-01-04 04:00:00,3.7,79,0.0
2023-01-04 05:00:00,3.4,76,0.0
2023-01-04 06:00:00,2.7,73,0.0
2023-01-04 07:00:00,2.3,72,0.0
2023-01-04 08:00:00,2.5,70,0.0
2023-01-04 09:00:00,3.4,70,0.0
2023-01-04 10:00:00,5.2,67,0.0
2023-01-04 11:00:00,7.0,57,0.0
2023-01-04 12:00:00,8.3,54,0.0
2023-01-04 13:00:00,8.6,54,0.0
2023-01-04 14:00:00,8.4,54,0.0
2023-01-04 15:00:00,8.1,54,0.0
2023-01-04 16:00:00,7.9,53,0.0
2023-01-04 17:00:00,7.8,49,0.0
2023-01-04 18:00:00,7.2,55,0.2
2023-01-04 19:00:00,6.7,60,0.3
2023-01-04 20:00:00,6.7,62,0.2
2023-01-04 21:00:00,6.2,65,0.0
2023-01-04 22:00:00,7.2,61,0.2
2023-01-04 23:00:00,6.7,74,0.4
2023-01-05 00:00:00,6.4,82,0.1
2023-01-05 01:00:00,5.7,85,0.0
2023-01-05 02:00:00,5.3,86,0.0
2023-01-05 03:00:00,4.9,87,0.1
2023-01-05 04:00:00,7.3,72,0.0
2023-01-05 05:00:00,7.8,76,0.0
2023-01-05 06:00:00,8.2,69,0.0
2023-01-05 07:00:00,9.0,59,0.5
2023-01-05 08:00:00,8.5,59,0.0
2023-01-05 09:00:00,8.8,58,0.2
2023-01-05 10:00:00,8.8,61,0.1
2023-01-05 11:00:00,10.0,57,0.0
2023-01-05 12:00:00,11.1,53,0.0
2023-01-05 13:00:00,11.6,51,0.0
2023-01-05 14:00:00,11.5,50,0.0
2023-01-05 15:00:00,11.0,51,0.0
2023-01-05 16:00:00,11.0,52,0.0
2023-01-05 17:00:00,11.0,52,0.0
2023-01-05 18:00:00,10.4,56,0.0
2023-01-05 19:00:00,10.3,65,0.4
2023-01-05 20:00:00,10.5,67,0.0
2023-01-05 21:00:00,10.0,70,0.1
2023-01-05 22:00:00,8.8,82,0.6
2023-01-05 23:00:00,8.4,87,0.8
2023-01-06 00:00:00,8.2,89,0.4
2023-01-06 01:00:00,8.0,89,0.1
2023-01-06 02:00:00,7.4,90,0.0
2023-01-06 03:00:00,6.9,88,0.1
2023-01-06 04:00:00,6.5,92,0.0
2023-01-06 05:00:00,6.2,92,0.0
2023-01-06 06:00:00,5.3,92,0.0
2023-01-06 07:00:00,4.9,89,0.0
2023-01-06 08:00:00,4.7,87,0.0
2023-01-06 09:00:00,5.1,87,0.0
2023-01-06 10:00:00,6.6,88,0.0
2023-01-06 11:00:00,8.2,91,0.0
2023-01-06 12:00:00,9.2,89,0.0
2023-01-06 13:00:00,8.9,92,0.0
2023-01-06 14:00:00,9.6,89,0.0
2023-01-06 15:00:00,10.0,74,0.0
2023-01-06 16:00:00,9.4,61,0.0
2023-01-06 17:00:00,9.3,54,0.1
2023-01-06 18:00:00,8.0,72,1.2
2023-01-06 19:00:00,7.8,77,0.1
2023-01-06 20:00:00,7.6,79,0.3
2023-01-06 21:00:00,7.0,86,0.3
2023-01-06 22:00:00,7.0,91,0.3
2023-01-06 23:00:00,7.1,92,0.3
2023-01-07 00:00:00,6.4,95,0.2
2023-01-07 01:00:00,6.2,96,0.3
2023-01-07 02:00:00,6.3,95,0.6
2023-01-07 03:00:00,6.2,93,0.1
2023-01-07 04:00:00,6.2,95,0.0
2023-01-07 05:00:00,6.5,95,0.6
2023-01-07 06:00:00,6.6,94,1.0
2023-01-07 07:00:00,6.6,93,0.6
2023-01-07 08:00:00,6.3,93,0.1
2023-01-07 09:00:00,6.3,94,0.3
2023-01-07 10:00:00,6.4,94,0.3
2023-01-07 11:00:00,6.7,96,0.2
2023-01-07 12:00:00,6.7,98,0.5
2023-01-07 13:00:00,7.7,95,0.4
2023-01-07 14:00:00,7.8,91,0.2
2023-01-07 15:00:00,7.7,91,0.2
2023-01-07 16:00:00,6.9,96,0.0
2023-01-07 17:00:00,7.1,94,0.2
2023-01-07 18:00:00,7.9,85,0.2
2023-01-07 19:00:00,7.0,84,0.2
2023-01-07 20:00:00,6.7,83,0.0
2023-01-07 21:00:00,6.3,82,0.0
2023-01-07 22:00:00,4.4,86,0.0
2023-01-07 23:00:00,4.0,86,0.0
